0.785674366348358,6.0531522251640855
-1.1448506104644505,5.232620559015807
-0.14233953969209273,5.388055684454712
-1.3200932410067208,3.2086670648994344
-0.15360254331348044,4.316739482511744
-0.38635109769840237,6.394117296503344
1.0432139819110564,4.235574205905107
-2.6236588737360225,5.423632787845064
0.9543847298292555,3.6137857019007478
1.027989341993565,5.26300803669755
2.0347767265620593,3.784900893167532
-0.14217870083855264,4.207650081491281
-0.13333829358585234,2.8092313329743677
-1.3503370427163772,5.810754576822937
0.9319377581455301,5.2406764254696965
1.5143287284140665,6.778690729350006
-0.5719879483088077,6.238564897788655
-1.428881713759169,5.237234415010606
0.15204786528670325,3.9875197058821357
2.039566458006534,5.597728701960552
0.6173905365839696,3.7283015094208416
1.084594759777356,5.278132024380619
-0.3343458580366814,6.5611055481845755
0.6084258349557843,6.077897263794922
1.4534573046005395,4.284664169821591
-0.9977212239603565,7.094404977337193
0.12404076516956647,4.320327072815477
1.2479819797927159,4.321974638882347
-1.60848681479854,5.481516481519196
0.2929796558423404,5.433570409164615
-0.544263775687332,4.128640448229274
0.9165544931257584,5.461568135517087
1.193172844323094,4.392555446510475
2.6348797681430427,4.857476890557389
-1.2955356874004087,5.431515785960435
0.9920686162310006,4.412674674649029
1.5134284691500421,4.307921347063157
-0.8137330359780705,5.469370974854908
-0.7245353746544085,4.469828126212979
0.08065821781604848,5.131057275097346
0.5300783600851622,6.313848086991181
1.25330659145119,5.7668299408016646
-0.6148364821696648,4.848513066823345
-0.8169491703159688,5.107120972998747
1.2170207346255455,4.359337751281429
0.277223548968948,5.117603102576629
0.6967835324147801,5.903024289478811
-0.790135298036989,5.088677529052729
0.4439627021954572,4.870762338594454
1.385808960368771,5.683337249694582
-0.5899977597203157,4.8425224456975915
-0.6121736645733135,4.100733507123685
-1.7578979872031737,5.825679078966738
-0.2868899451565724,4.76289973861688
-0.921893199292187,5.65434953397766
0.6312455108057103,5.279818093473593
0.27954590560582115,5.823205227994768
0.9773771454026099,3.8990780804135925
0.34931644022944547,4.743366391263097
2.3272688987037315,5.105431634665198
-0.5771205260247289,4.607572364113349
-0.11843332094322623,4.368328430186895
-0.016116843881485876,6.342616515644123
-0.4306400060258159,5.810342185121387
2.0782422062209513,5.303640936556884
0.07243571874070978,4.648697508362012
0.0909046662919386,5.770997904336363
2.3644755178514587,6.059594320214897
-0.4793722517670731,3.7646990166328216
-0.5398573481998961,4.499919315785121
1.9155004591044344,7.438749898568268
-0.6892193539850553,6.0286094455397805
0.5452182939870995,3.545313118726912
0.19300703530644803,5.069532447843201
-0.24445958060100886,5.152318416233772
-1.6483572029818765,5.055515101695862
0.3901360242992738,4.467437330362026
-0.7034584506943877,4.664804436178369
-0.9993484114756302,2.8781467697540046
-1.0010424375829494,5.256167157427331
0.0639904304750608,3.574953251345093
0.6953000321285434,4.78869842123344
-2.540663642276291,5.924478617536838
0.4961069434488723,6.075684879793497
-0.9672693650792269,6.41981145516094
-1.5207156217068751,6.607686204629657
0.3894234763482972,3.8326370045520455
-0.34196061072591305,5.296876552362794
0.4331240683119094,5.530593375359441
0.040573324765966735,3.61317970486653
0.7553046874678258,4.562588895738902
0.2886493579075927,7.544361423692541
-0.1992336941272739,5.002645312352667
-0.45692880142122405,3.200596932964271
-1.0597245472886376,2.893852029932919
-0.8610024489048583,4.634603028350004
0.5318288819480981,4.684860674335976
-2.116482316900555,3.575221531174213
0.8570429515260323,4.932676119160277
1.739437831528287,4.4517674552588735
2.1221377640474115,5.440674093623177
-0.4504690100342773,5.925904761828406
0.5128411934785849,4.360792562590533
0.346538768709174,2.7141897635844576
0.7150384602553775,4.70277655164828
0.06102060769760489,4.689976050071812
0.5191789539505696,4.654645837592126
-0.4326744086268281,3.213571750927498
-0.7285892137584816,6.2694069636837035
-0.5069983036191502,4.248890199559323
-0.7888709618532707,4.8375249850969535
0.15458858807286402,4.1118419605568715
-0.27322806848791364,3.755408107541604
1.0016876734543427,5.927952239032731
0.8704141792485498,6.004827746766249
-0.7181183071885486,4.168914790663576
0.4159238096598294,4.888624234409154
0.8847202908597683,4.5430371924620925
0.725883179033102,5.3077427645873385
0.8148309758137108,6.57614702429732
-0.7974904590568367,4.193295148072806
1.0175670569388138,4.5501078958593935
0.7485740283339505,3.5079741825634363
-0.11059630490030053,3.341581243148954
1.5096529148732167,5.349279554577437
0.4808290098696629,2.8979533702719604
0.6453016172500573,5.698085431009314
-0.75075206397854,5.982509381211267
-0.6992408041752737,5.100499556629236
-0.017237957259259383,6.363268636392576
-0.2093988442009662,4.5195338841229455
-2.3830468553547193,5.235693303397784
-0.025006886714704316,6.217436102322619
0.33287017077732745,7.223411732350696
0.8626106867243478,3.5547637151712603
0.051942866372674465,3.4709944310959346
-1.4115363521669766,4.396458271257796
1.485324280291231,5.209868068986231
-0.9029543228581859,6.369384519005277
0.5271900798638068,4.735914994766813
-0.8286160055664921,5.457932498436184
1.8753754123905293,5.892531327872743
-1.0740197052237197,5.604019770222363
-0.6819078008517803,5.20779869350789
0.713581028325936,3.330752756796552
-1.2647564708622072,4.605357466812216
0.430469377842472,4.786028994059569
-0.6338783136525948,4.562232070023169
-0.7499788076139697,6.407373773907039
-0.09138219964996079,4.030398561554754
1.2665963305059624,7.3542637502258685
2.102136162259915,5.644676335413964
0.15214628698578103,4.3885060471487805
1.3191983000506988,4.822255658458951
1.6295742916028824,6.076822277619588
0.17838245949813902,4.752741074948873
-0.13841306332980463,5.370007320590698
0.528466547486646,4.230480996058707
-0.6883619290374218,3.8066608011035954
1.362768144604207,5.524250415383238
-0.9118916600290502,4.674706622339288
-2.213659618701142,6.679153667455963
-0.9657980150912628,4.140496262563634
1.077971199018656,4.911195811620593
1.3841458878133472,3.7394825410410464
0.2936378121985385,5.628582349666127
0.31495320453707554,3.620956526025873
0.391360663622544,3.517351517718743
-1.2229113335245951,6.0543605065825465
0.26999719289147434,3.774257644202379
-0.10779648312434294,4.550346384750168
0.4357024924354727,5.8048537236355875
1.556049751875886,4.124372363778577
0.6583937407320545,3.7316154014428626
-0.8773319981299411,5.856294346163821
1.1286312378413437,3.341445031152248
-0.3450439160400158,3.980406229701534
-0.8544553892992627,3.663248171774021
-0.09504466055885533,4.945607108318512
-0.8191408118005378,5.633318433999425
-0.1124066426690459,3.958777937824829
-1.7117501792302992,4.815872794144691
0.43983524091136184,4.707083844720082
-0.3218471608098894,4.372359001288986
-0.9676148130439477,4.662937751289534
-0.16835701059175856,5.590640747656117
0.6766673143830957,4.530072574282754
0.79069337774339,3.5298179698757703
-1.5943960215645487,4.53079194700262
-0.38566351138398114,4.4896268600258695
-1.7849714010357247,4.661680548715863
0.2395291184167348,5.337068970083166
2.0132149268161648,5.357927564222266
-0.16728763909756703,6.508118274204824
0.07146224657616937,4.740463556582539
-0.5986399125352161,3.857806376108664
-0.7723236800680902,2.7022718206474763
1.9943406521032143,5.342663311427314
1.9262789993834393,5.298431911840373
-0.37596284181439626,5.287303910624413
1.6143513596058798,4.872565727426283
0.400781062059125,6.159791724971697
-0.7524856072366434,5.858247572205942
-1.5595702162096894,5.3189168384083265
0.01528792737807784,4.473882687068313
-1.3884556333964824,3.602128178088293
0.2798313227217576,5.546199042134086
0.43417477398897575,5.046646824082617
-0.2579110469317322,6.431894334803957
-0.634763398740333,4.36069237248668
0.8729955278731687,5.97367555167115
0.30508722141074013,4.963614456908184
0.060315279061508166,4.13753489944084
-0.5724771681175913,3.754243112008606
-1.2905542319450922,2.5444348043281715
-0.6172967579981693,6.323557993740409
1.4331423037864144,4.886643092178006
0.4879358176209078,5.82584673431322
0.5701792426129135,5.445409250750375
1.0582629055303518,7.520198807046395
0.8366579889424113,3.2600051236892904
-0.10175780678675077,5.477345959514258
1.1017251241474049,4.555469379135426
0.568254924845094,3.2597711206122524
2.1884502272384085,6.949614694193212
0.3879111536293668,4.911710419786552
-0.37306338608840073,4.6463800162879245
1.0506444461293674,6.80270900722646
0.8721663757085614,5.279666026085702
0.1410686457989411,6.024040103930433
0.5345421910437145,6.060214653203765
2.3688999270274436,3.7885969740350083
2.002772832562551,5.592067549094619
-1.5608042504595647,3.942551775892742
0.5547776462765243,4.363842464556222
-0.762211843398628,5.402138761897742
-0.5544206710076138,4.912232891655069
0.18168774921929337,5.452754137403616
-0.4618671793298701,4.725892569798158
0.3611956487756466,3.7623326125454137
0.6485669979461931,6.84418342235336
2.477879312640888,2.491697744488722
1.3684368652116465,4.814519957302984
-1.4771852933653142,3.315410189884902
-1.047410128708999,4.526317561715307
0.6785892641792445,5.709448458795606
1.2648659150684094,5.724898376686003
-0.3190793059466337,4.356452678502811
0.44391142657129273,3.947301474637123
-0.5014816590393959,4.872078978655348
-0.303376583775998,-5.947920274821857
1.0091456625476147,-5.079860580169966
0.11646840533042731,-3.388337842449829
0.4236670557437943,-6.215311773550907
-0.3905110494246443,-4.683841115264685
-0.28947495044416766,-6.8433908195707955
0.5944536811805474,-5.601987091418728
-1.590145288792366,-5.592346149243354
1.6798583774015494,-4.7910160535956665
-1.1753810986709754,-5.190748232379685
-0.20701160577329994,-4.951336093032739
0.4825457569194719,-4.321413731659428
-0.362887090856455,-5.329104687951411
0.08252028528150021,-4.753788181696109
-2.2150992242216043,-4.941859634668021
0.1668437981051814,-4.117135461090774
1.1244358381240085,-4.502641014986683
-1.302568541854853,-4.832222570277647
-0.40762642052946335,-4.041518340069208
-1.500379935717567,-5.101751310702192
0.528586879515277,-5.1624098137956445
-0.5255251634581987,-4.153830650495468
1.2148620824312937,-6.487232219940293
0.585124561635576,-4.459157052237896
-1.658335775730546,-5.229438593675256
-0.0319352135339766,-5.547414816909688
0.7944965199132159,-3.7059796463152708
1.5488185167658326,-3.422216467303842
-1.2349012089283948,-4.212078904393943
1.2426332742666895,-4.92152404990297
1.9411764433882093,-4.107993592741616
2.1950449244976213,-6.259680420121848
-0.42996078093579004,-4.113680099508516
1.360231182632023,-5.345886772279724
-0.04206784161274733,-5.08699010582552
1.1870610517578946,-4.317083412116323
-0.5111745797530274,-4.421450861290545
-0.14409341903201187,-4.233892057881875
0.6546462185755666,-4.21340667287405
0.05654166563822916,-3.7324126693418336
1.5542469383722113,-5.859166595345104
-1.7218488653832646,-4.948566460792308
-1.0162190149885055,-2.2312798089331585
-0.4862799131793065,-5.70329156123471
-1.3016473585464359,-4.17117886515803
-1.4574835289812693,-6.296209444805351
0.46018458248487476,-4.001917087841962
0.2379495212536712,-5.036797235583663
0.51144478544911,-5.841182290972778
0.5656754100202778,-5.51838484118391
-1.8449990855499339,-7.310280012838167
-0.05543694271531105,-5.6550153947849555
-0.4550729215382761,-4.155816530297022
1.0270319924647149,-4.620680326338537
-0.5093098254418084,-5.5846617447413625
-0.85249347432272,-5.153063727231141
0.8637588891111908,-6.03575110228986
-1.235758701635151,-4.538506121890559
-0.048137055067201555,-4.465393070606364
0.4066322038259578,-5.400226709976207
0.1821800369644061,-4.518825085192783
-0.6835642538422539,-6.1909616306763064
0.5587881175045526,-4.669834849252187
0.11903441474483338,-5.703239533465379
0.6304756461008827,-4.658434049829333
0.8267811247271807,-3.4687086810083496
0.5701381176982093,-3.9373260808912107
-0.019690539346447967,-2.8660330167792996
0.773176287833338,-4.461206660917139
-0.45246495803683673,-5.265444301190929
0.06347052805226458,-5.097136409170898
1.471827575727033,-5.714611092015361
0.6321763781822404,-4.497670506862286
0.389223450073886,-5.346956944930305
2.4064860158613173,-5.141227153195455
0.6007266887426844,-5.623385069431647
-0.41306002865193614,-3.4214156338992407
0.90574129470764,-4.947730994127763
0.47173798719454607,-1.9772037658828454
0.3543435765987244,-4.494869936459954
0.4136824345301388,-5.052783865559653
-0.016269179117858665,-5.261813372275745
1.6682509873652749,-4.6733026223226775
-0.14946622121333136,-4.36493832390832
1.5344341248387496,-5.476226382350754
1.2050564859244774,-5.6964910125801165
-0.5861004775036163,-3.634513625285252
0.2806349429999868,-6.902106776585641
1.075886285856764,-5.9035896929360945
-0.7989666081259837,-4.743728159749668
-2.5421351062785007,-4.426169000053259
0.2775940446281418,-5.473655726516904
0.7236730330870044,-3.846987307395115
-0.5242999893072053,-4.481769565590935
-0.5794760404201218,-5.554382287771432
2.2105725704585537,-5.039777907032044
-1.49668164036636,-5.1892024824756495
0.6073932672355975,-5.216628261218246
-1.5376010639032593,-3.063235449012156
-1.5525772158391782,-4.318605763854214
1.9109390241183064,-5.029636975491486
1.010517904490678,-4.046744889638025
-1.3622836660577406,-5.720890705253058
0.8216638553152399,-6.172447900112802
-0.11373151963526602,-4.136671934229765
1.2990398191873551,-4.060183050020315
0.31065734118567984,-3.3301253431284223
0.8118561207292486,-3.283584802385649
-1.2680679305692737,-4.757721756679901
0.8907032559352616,-5.3050403643365796
-0.12305002578938518,-5.135477765029559
1.6291759087471829,-6.261675388687292
0.9514181351868815,-4.284872655233293
-0.9527575090234037,-4.361270980936266
-0.21584111439326814,-4.3830112787405975
1.1999512855403522,-4.7903603557151095
0.09741536910026488,-5.963221971327992
0.671569498234445,-6.87362247969395
0.16944160823835838,-5.952660817703343
0.1423357572188164,-4.060597847064069
0.4400611911674786,-4.0960551241487675
-0.7330018469004698,-5.155019198835269
0.21438549120212358,-4.895918516023066
-1.233518155845721,-4.654577176365411
-0.21627747940597658,-4.832847661805034
-0.6812076009149997,-5.403135497105162
0.33404819855157525,-3.8978583637820243
-0.40166858866531957,-6.291965920608562
-1.320032574455454,-5.892493956293306
0.859017224401701,-4.45943205715485
-0.9261980242480886,-4.3998594416973384
-1.0746561609690968,-4.435278385572213
-1.782016319292119,-3.9554589938459674
0.2817840838854123,-4.902528396676642
0.9856393505954683,-5.631279000369289
-1.2178936707883214,-5.8938631913169965
0.7590088304560568,-4.3604131142238245
-0.6417469537422861,-3.702214440567051
1.4703070740348814,-4.000136302958576
0.9477447947288126,-3.9673518670420513
-0.7369455786355619,-4.416070878577903
0.20672468287847037,-4.603101800928794
0.5130426637411287,-4.8753781737594615
-1.0577387020978581,-3.6851848782919303
-0.7291894116787005,-4.80231690441894
0.3155501822715991,-5.281740629911743
0.7971087142707487,-5.184091424974979
0.793640866563936,-5.629951266914204
1.0943672810565748,-5.466592176981004
-0.013470215795059838,-6.4725327831528165
0.07014766563963201,-4.519442186132355
-0.5889159733488528,-4.103644701782136
0.859611608650781,-4.683542241971692
-1.6080472089953997,-3.6790745259343627
1.664563073300113,-3.5421571309359225
-0.9911704901401378,-5.1586948605709075
1.2909843815811373,-6.05872292269334
-0.9338613571567007,-3.1823044358275707
0.02812658432218143,-5.231364204209412
0.017796711275167156,-6.099614433106518
-0.5063430229636813,-2.863595161757627
0.005824683542836917,-5.291034687097229
0.12635441990768692,-4.939961918842506
-0.4748515520900751,-4.353433251521128
1.9406036447121784,-3.463618196297812
-1.7696443446701628,-4.684678496458686
0.07360242559572502,-6.007871116173755
0.8587950753885105,-6.491317052690096
-1.157024219423329,-5.534766144211826
-0.8058094096657197,-4.899302220054843
-0.34535058247443523,-6.319034832135939
0.13478624960905386,-3.90507147600095
0.8555987733248394,-4.24019365767283
0.5968098266114925,-5.740513177061395
-0.7667984262486643,-4.051125307775555
0.5351789866869322,-5.715621463672091
0.5952132729623365,-6.002904543450719
-0.17319395645975574,-5.444457293035715
-0.7129177021276308,-4.702773147839187
-0.22506605845259703,-6.22081505135056
1.634725702142889,-4.273255597151054
0.9037953075565106,-5.3189143592349035
0.0406042717744508,-5.875795774720015
0.6336919110319488,-5.207956109384703
-0.32232193256168545,-6.99498939804611
-1.5508539947710465,-4.614288696076295
-1.2927796544813634,-4.415608117459644
-1.2559592861572764,-4.715055504613268
0.1827435287699747,-2.927196832282401
1.0512648703862713,-4.59242157079063
-0.7558497387136053,-5.888067644638765
1.7213969803449456,-4.914756299774412
-0.8140784559278635,-4.548506096966835
-0.650534015691022,-5.651888380046056
2.310551359455963,-5.431571695624462
-0.7071035793509999,-6.294229318966651
-1.142348082763012,-4.899143967502155
1.610606210862845,-4.091336840962601
0.36571049729825084,-5.783692342520571
-1.3581015010712696,-5.118508262215154
-1.243103509900929,-5.295595280983181
-0.5771950526008822,-5.491467898406167
1.7640915558925496,-5.074962961009233
-0.21619703617227373,-5.206283696895035
-1.1974972370414345,-4.310501941985569
-1.3452802566252013,-4.811950134242198
0.1601836692936876,-3.7548771434445114
-0.5749050569166936,-5.875458685838944
-0.6284447312893573,-4.787553479866994
-0.04288038036361785,-3.582385644139208
1.409636549031543,-6.093165990184002
-0.30398621678742965,-6.105147541383774
0.6816391353452695,-5.81630983754048
1.268764780395858,-4.8729078816309865
0.9532204851138131,-4.096630723160203
0.494018116210789,-4.081156514416091
1.0738644149174428,-4.052183769779921
0.5460762281211348,-3.6065859636849185
1.1900501921674695,-5.52906124380143
-0.9843625010001331,-5.070601167258238
-0.7718011320112923,-4.146928133386066
1.9403988398986538,-6.173252210337258
0.6256096792965823,-5.633633082374372
1.0648163667717487,-5.370424387841439
-0.6494148568823265,-6.514782483031666
0.6628812393815796,-4.469200045167741
3.5825394492470597,-5.013313047448615
-0.3838845401195007,-4.6914328902307965
-0.19230583935035733,-5.686647601124314
-0.4529406786639154,-4.708461701621866
-0.33782829877082743,-2.5127006194988675
0.4712120255338683,-5.075813034458962
0.4141273741966858,-5.0477846443203065
0.5145752318759864,-2.6776558342059067
-1.6582659672869857,-4.75579759592532
-0.3972442738258066,-4.77861162144791
1.1559211489332328,-5.193473939367625
0.7628746692138278,-3.544380068068401
1.3086978814162453,-3.153013671104585
0.7126531631123968,-6.511542778426086
-0.4378267603231275,-4.238688351046664
0.23701252513195306,-5.938440133111828
-0.22461148991039367,-5.944781810434495
-0.330666858065621,-5.726866064536514
-0.08389979264642744,-4.8929304473849475
0.27863093687376184,-5.720745122987083
-0.5287939235769767,-3.0867850363405696
-0.6756838488525619,-5.033715332086396
-0.18158133485035644,-4.472708283739591
0.5510325885279916,-5.153455883155417
6.350852583690882,-0.5833866043224182
7.395241463871555,0.5307869695454895
4.62318558160508,0.004510723115968724
4.678622311686119,0.7909499824374783
4.049633659082301,-0.5989851297163089
5.4089613857529715,0.515435867495981
5.247317854548204,-0.7514119491401575
4.452786192780021,-0.7574388855751191
5.631958216091533,-0.2695557331112883
5.25526194500662,0.761887987551846
4.137204330723908,0.4577745110525711
4.643129657304584,0.6450033037384694
3.9282284202260134,0.5958319008774317
5.372805619076789,-0.5963415885955287
5.37671107940847,-1.6538512266549958
6.254329007023407,0.4917880749743289
6.585482104483224,0.022098654568223394
7.581750331523894,-0.2848552313394477
3.6588876181633685,1.2079538199553714
4.748602457113061,-1.1721379626263408
3.9102033597153145,-1.8203661471147004
6.228643772529473,0.7106254492678742
4.8173072251571005,-0.3173115748110106
5.379928673154296,0.586493433672116
5.272774800288208,-0.40819628708798517
5.022201781478794,1.6732978425894764
4.896837074913593,0.21910590151150067
6.411760402131063,1.1795148373233486
5.234834574298179,-1.0098811603417208
7.216391160464209,0.9176342032449889
5.452220969521414,1.584342533734247
3.405613224029295,0.7031918995551868
3.9919382901982807,-0.04291388410517857
5.2346814478684225,1.4697172677659107
5.434313783076325,0.7342155537139758
6.2318735144515625,-0.2745640162021309
5.840257099954835,-0.7146556733228225
3.130457775493114,-2.7631759745282696
3.702077566128312,-0.757213213731316
5.576739145566017,0.16970232025861717
5.828685444935001,-0.08791129867206199
6.184570563251414,-0.34085404534079866
5.851579293417637,-0.18014502929291631
5.022477520683919,0.41078414221643145
5.963210688490097,0.7731408704903973
4.067207236201767,1.744409004720094
4.241054081155765,-0.03904211980389664
4.075520279693007,0.48550568676498806
4.462829156798311,-0.44609184255520723
4.6803046618665505,-0.9836555321673403
4.347587683833544,0.36080337049928557
6.482813890941641,-0.4522385744910573
5.535518792402527,-0.6649136551631046
4.722715619382165,-0.36455341759629667
4.957357727810622,0.4530299497355776
4.646281530461863,0.3561950394834295
3.972126078075183,-0.6166721401971014
5.919857660679437,-0.7258755179683813
4.690568417132118,0.6316182772138894
5.657689453916733,0.8220805588540976
2.895699965692794,0.6583143715008283
5.668052405577615,1.104798569316425
5.601105160294425,-0.542229395908811
4.818272054100743,0.15668578471678485
7.870013856509896,-1.1104787396604525
4.036282480164347,2.3524366236036096
4.780420802263288,0.7265575005547195
4.360042492465354,1.3843290726667494
5.3934492780079175,1.2957586037717699
6.697984157988037,0.47121012634774795
5.1244347206653345,0.2652881840902409
5.109818439271732,-1.3912544250478227
4.63261085792924,0.6072659745958411
6.167534568342878,-1.1990301685514664
6.4427135058304765,-0.09756952568457149
3.9717041802267383,0.6164592507924523
3.9892772022518677,1.4990488114685872
3.2837014831565083,-0.059371102113918335
4.148492698025056,-0.21233360783232988
5.768714397414072,-0.15660448816114989
4.457406458702702,-0.168254778971888
5.7828449740625905,-0.26958197301005965
4.32488488761262,-1.5371213912884902
5.68155111854879,-1.654050380392698
5.867583379391673,0.7072196085759469
5.354482161312688,-0.5255198224656037
5.755008629149555,-0.14726107340641287
5.0525757973040815,-0.8265175986177036
3.250446508326889,-0.1578805257602325
4.686833482072166,-1.4266423719869026
6.422728770663044,-1.0319857990656602
4.892302065318446,-0.1731967916976709
4.199738976973426,-1.236229729788886
3.2992485034319654,-1.0532632767038344
4.301111844291574,0.07538679470230178
5.75590133595425,0.8374312922439879
5.28437656743611,-0.6427242803555439
4.641992063208761,0.07394323634567972
4.321289211592096,-0.3524109773888438
5.9792409110169125,-1.4145275842345977
4.552671158706891,0.19729640874592264
3.9095840012758165,0.4922961420324795
6.083727297157225,0.6831667936552916
5.491799586339377,-1.7193991795964805
4.785736228524445,-1.5373186028073553
5.234496137933032,0.4827375003274236
3.927257956576349,-2.097799688728687
5.389460959275779,0.7728172808488788
5.018651028497337,1.0400715026172853
5.022706698194383,1.2337153937896617
5.7192461084504576,0.25434981969844367
5.83725650494042,-0.402188921909131
5.214208501259117,0.17222078993387402
5.902962390790273,-0.6466903914861387
6.250923619825577,-0.5611081333995038
4.970274213846967,-0.07792049658554852
5.6571465655993505,-0.5705058949735093
4.364497937882368,-0.1749299124976812
3.755885108305723,0.14447901374490887
3.646288914325403,-0.10400029769483876
5.739224534973369,1.9847801045994524
6.259611750510006,-2.4789932428474732
6.605288030186043,-1.092435051031435
5.732044808936825,0.24209918019127344
7.188876613306169,0.9959543401567695
6.396307761124911,-0.6833083929760373
5.169884460808994,0.7167296629232949
5.9722083634092895,-0.4685769382635178
3.733584397113264,1.0519364005118246
5.408238018781556,-1.6895842297473045
5.344618630642161,0.663386036034934
4.79566101562477,1.0049900478477838
4.622260580070382,-0.12057960242530376
4.3346843182946255,-0.27219993854273367
4.958045117161656,-0.7772026276002046
3.1265855284834516,0.8920172743675144
5.073554738512551,-0.4008727198526512
6.2385672984116205,-0.11148333784313241
5.102583086645359,0.7863622440745902
3.2168021667414166,0.8735755359896671
6.149531700772495,1.9460266994650957
3.8929014074979884,-0.9163931278734002
6.627820262513892,1.5798557514524443
4.593024320215498,0.5198957913192418
4.484860608439179,0.6044702919084043
6.1030395909099395,-1.9509799942702681
6.033776023545457,0.2052752939438299
4.798160626781971,-1.2871674467753051
5.71120117136866,-0.4140041836809507
5.549379938307757,-2.5280571239402696
4.114804435624904,-1.4481537136193396
4.559865396933165,0.9724259605579705
3.5737606509978392,0.45186526212020484
5.4875077802962124,-1.724181338700439
3.2079333344303813,-0.6975351522356013
6.004816927381302,-0.8344756729435084
2.637679380981624,1.588097597525097
5.348358680608904,-0.3989620600342213
4.394028139692829,1.089223459354582
5.369171546267967,-0.660950979195481
4.737514264323496,-0.24944331959504487
4.369626848290962,1.051923916447244
5.913176335426134,0.1372637036665694
4.667370117834353,0.30370334362029605
5.117471552222468,1.4424739753326932
4.882424482168502,0.6733203271777222
5.484522574526551,-1.9768390826060833
4.029387200463661,0.8935616954014763
4.819166053720199,0.2903797261295222
6.390003467258172,1.1529335024787528
5.421484328201017,0.8160956019560152
5.564146922902611,-0.2544086431952479
3.7377324379181966,0.34472295610057596
3.7425471285836345,-0.8755993416754406
4.9347638007314325,-1.0568279348578198
5.729040841592005,0.6443763417186089
3.117911401025111,-1.0613322196125072
7.039265635125606,1.7817569302636227
2.9969468150592538,0.5691663717283135
3.6565644121406713,-0.6853405066524196
3.882369738424315,-2.66089927451785
3.7696780704922244,0.8453869053769969
6.160792098032223,-0.7038101080152084
3.488260130703089,1.1834515346469836
5.686721546781266,-0.9464650506815774
6.660718121475718,0.5987355539144061
4.325365054868652,0.7814166357243882
5.755811456945992,0.3817053138020231
5.661950220083094,1.2310739532243815
4.653091917663663,-1.9565787506102104
7.338075506845371,0.6967455927821047
5.7462565058183,1.2584055252801098
5.10964376263366,-0.3466643207048463
5.296065129381203,-0.09819902225625819
3.8790512634831797,-1.2877441050469653
4.482796003882614,-0.2927258287078812
5.487094077191897,0.15458450378301822
3.3074320524442933,0.23513873792896756
6.077158632451279,0.7348043051072827
5.885924370936581,-0.8704896937778341
3.8858934109603718,-2.492431554551017
7.550951309728985,0.5683195432243027
5.162337594939363,-0.20763959750508557
4.719963370125431,-0.608357523062299
5.34128944793484,-0.08652826495928613
6.16195183516111,0.13632006651955372
4.7354995171176935,0.06995361399943947
5.4543527846635955,-0.8504898448983513
6.137097632656626,-0.03953600086150822
4.907567685533616,-0.7966269705915948
6.060981320688126,1.1104726752253264
5.194670635069338,1.1360725098460827
6.032314444819868,-1.259117675263124
3.8549080588766262,1.018701319536068
6.633653260217716,-0.8462440151770307
5.066283392772698,-0.3121355704056748
5.109314524895311,0.638450368991104
4.535662487019571,-0.2787583527127474
6.135908803361864,0.8949955024760297
4.22556256692739,0.1082118047156403
3.8884058638104966,-2.0480078344692414
6.036933774759042,-0.7295248177270718
4.964261676363894,-0.520341885514634
6.909988273087261,-0.35268690324483865
3.9434651724672047,-0.47349384742146927
6.024810098720524,0.2918260481159669
3.959931640102587,1.293419883921875
3.901174602174282,-2.05242252664225
5.313231128934196,1.359357176053763
4.962793472196595,-1.3521460837325896
4.061933790925553,-2.305794891404926
4.056120430268277,-1.7179902431404606
5.573199533016858,1.4854916013038497
5.171839086124325,0.8298980077951819
3.1982842885055085,0.7383330186338828
5.290509187669143,0.38811264300466486
4.794375320146406,-0.09181085495936794
5.203508895662726,-1.1801223083554233
7.365147628195248,-0.13585019106005225
3.328490674908662,-1.2714985175589413
5.807310939441455,-1.719830575232878
5.294014194725961,-1.7711356173204615
4.414808844213845,1.4059563725790378
5.762845009250153,-0.2548955849288941
4.245890174797397,0.8012395744146147
4.394160842682991,-1.171463271972488
2.7576365283355613,0.4560331032222688
5.421531324857576,0.6643616025240976
4.813717634072981,2.024746264556209
4.924283984814582,1.852620937651752
-4.911198311182144,0.926684370579569
-6.907729278253869,1.5660134809323996
-4.49160078349819,0.0015961585499287296
-6.3325100176048545,0.7718674414827081
-6.318294321896437,-0.5009023851027531
-4.861073783694054,-1.3500123074801667
-6.313999384428261,-1.447106052166512
-4.793059581162802,0.3239446043520764
-5.775542735845473,-0.4931236282402628
-6.155161522132049,0.1725250496759095
-7.013714261390996,-0.20896899225701046
-6.056877715204796,-1.1900341684757278
-4.31705915099708,0.12247850506444995
-5.869383292434878,0.10040970854681147
-5.15847619790165,1.4939948472052862
-4.069494252847295,-0.673872478768547
-3.7877155814336696,-0.24344140170463094
-5.785345996927324,-0.2529894974449113
-5.54022101964899,1.6353167488666036
-3.2568052996372403,-0.06226469922225334
-5.147277206686592,-1.9157633894533728
-5.966817291615262,-2.482354442989232
-6.136612457590856,-1.792709104932339
-4.442551643212415,0.2466444115620472
-5.498619761259883,0.29743866916847306
-6.548291311912058,0.6723595646695483
-4.930666399817715,1.7317733151672698
-3.7677109842348484,-2.289851450923346
-5.070969685238988,0.37570126097143053
-4.86780084388059,-0.13943908827942067
-5.983849765397468,-1.576349101538407
-4.745020796318675,0.8603338665460101
-4.461927038454995,-0.7238811756164384
-4.271220840831307,-0.6730196941728774
-5.615921375680297,-0.8917024382665714
-5.346976257188999,0.2271273923330465
-4.64125700375594,-1.9057021422949285
-4.85238003576847,-0.2952648140710762
-3.899071362221683,-1.35559507407874
-5.4697458154630425,0.5846691667798674
-5.273824832039037,1.4100476870491538
-3.227959170539168,-0.9922722836883144
-6.109388191007847,1.1950915528780348
-3.991287717454564,-0.21637255939445116
-4.7911570545288535,0.15350980417108556
-6.460918225278743,0.6863267852775354
-6.840908985585602,-0.8363734105224747
-5.084328229371794,0.35788181163294425
-4.0007343461711775,-2.644624677736896
-3.655635544704227,1.917934222007247
-7.02137818471785,-0.27331734285339687
-5.47159637254342,-1.1783530575896974
-5.040931010650583,0.6686035262061615
-5.275253402761256,1.340444864335232
-4.081854288220356,-0.030944514290294278
-3.785353925114281,1.243203040717734
-4.6203968770530635,-0.0518381397570059
-6.342629463393836,-1.270829988283661
-4.35299899804055,-0.5286948356979564
-4.18387088094706,-1.3801393341375197
-5.150814036671278,-1.9254128381282418
-2.5606456901560186,2.0124469506371696
-3.374863836724617,1.3481410785364518
-5.278132433783302,-0.38897111252236594
-5.216172057400284,2.147120382029009
-4.690796154229411,-0.047661851748522874
-3.2846861404678904,-0.0210709547297136
-6.27215919646704,-0.19488482096013815
-5.200653124271811,0.3291688184393287
-4.665225112212991,-0.3285651989974936
-4.392486389502203,-0.5676105259820083
-3.3543749251045494,-1.2510586633143603
-4.8752745675200675,-1.1589441233823654
-4.204338061755647,-1.1801867714376069
-4.897618017753184,0.014396169789613087
-3.7248659284252774,-0.5658734722925892
-4.774161224054285,1.8869801180210561
-6.102038740924524,-1.0397335187947871
-4.451175732547601,-0.07994441043306845
-4.336539116279375,0.47555193191438444
-6.532104652516157,1.1946824252391905
-5.301378811393507,0.28251774038683325
-2.403698493294298,0.9491935046347783
-6.6132563946522405,1.90841374161125
-3.5275773265748698,-1.2988043568327665
-6.286785337444424,0.4080752133070177
-5.895222490847331,0.6035160686548864
-4.131914362159927,-0.3474811267075859
-4.8818510488868325,-0.6208220414002166
-4.56004878472503,0.28587176333064895
-4.532443325256182,0.6738877827976618
-3.7307486966648553,-0.5754533025796584
-6.724525523344685,-0.3017916707553591
-4.964205852781882,-0.1843979784182724
-4.722031453954175,-0.028286671922338198
-6.725944770443382,-1.1810053936058529
-5.495147881582776,-0.9714788506718438
-6.17937729239285,0.03412954742829575
-6.259229049352973,-0.6347338239753849
-3.9990110535540886,0.9864950366495839
-4.078076287255312,1.2083065350369928
-6.683208130665429,-0.5233642928020293
-4.077348658968497,-0.6499297585584042
-3.9123863569477164,-1.0309572562129525
-3.758377408609979,0.27016891412153476
-3.7006188685016013,0.2059912702853473
-3.2286165442651766,-0.02935688063861498
-6.4513658194577275,-0.4208297852827583
-2.9308403609213327,-0.20831697586449513
-5.456558573170446,0.06421814955674644
-4.801973941915046,1.6165142245093207
-3.771583497840993,-0.14432792957977264
-5.4520612132291335,-0.1253561822840204
-3.9942431921182404,-1.6599175072418555
-6.074225773015945,0.7311458355632927
-3.181329266827994,0.0835779245056159
-4.842986046194483,-0.4473183877798673
-3.2088038052438685,-0.49613859785067
-4.440553064362507,0.41481993395377553
-6.392226974947084,-1.2443329735366575
-5.798240376705824,0.20889205877321787
-4.921550193426739,-1.063058896547113
-4.67101546163003,0.7597361314353421
-2.863138095865188,-0.9181895711448997
-4.864596998903778,-2.6885948913168094
-6.02807918990975,-2.0623633222028426
-4.595979933717744,0.2925902829045233
-5.809595035292289,-0.8300466989810613
-4.173541965369653,0.4256565072665651
-3.9257987479085386,-0.5761794305996184
-4.764040390073529,0.3996046779789055
-5.1109106922862475,-0.7562140112483138
-5.2653877690892905,0.6328234576098849
-5.394957974636438,0.3971096439404009
-4.651112877952284,1.2899278587249623
-5.163215265010043,-0.06288043132790684
-4.1835955115701555,0.05045741209237655
-6.493512400670038,-0.3847097689651021
-5.720532415377893,0.8750629682016032
-4.929860389878978,-2.545255469331997
-3.7389875480217962,1.4297354621126503
-5.714293748708014,-1.340966957285346
-4.353070661114507,-0.23203206350792252
-6.643154834141449,0.7762881594908349
-4.4435223720914125,1.3983661795445257
-5.385763358132517,0.7046768475671096
-7.24957235034443,-0.27223538839367856
-4.736215618707881,-2.1220867670428283
-4.126667424965205,0.7241981299184979
-3.1706585910199747,0.8427707572912368
-4.995528561045406,1.0480968745211854
-4.085467737880928,-2.056220341065603
-6.037286735122017,-0.39053130864628016
-4.482983048374116,-0.7148638500267057
-5.978781794213742,-1.5342102446775348
-4.70801054048617,-0.7073204790019886
-4.806365500975967,0.6132495988191873
-5.53602507157911,1.6585521679825894
-5.327575595188054,0.5196213145198264
-4.543569987955954,1.0936357379215453
-6.219690763671938,-0.9617857479186555
-6.2804071148618155,-0.66374559282711
-3.611511290587983,-0.08733239055852031
-7.508127837915504,0.4016730222817568
-5.0874852074704435,0.46849810419259974
-3.8459564557959833,-0.6475859132838487
-5.09595205812629,-1.0629450265444953
-5.804529837416389,0.14485743619196603
-5.147020100529201,0.040064058257939905
-5.904139302293303,-1.3378728725967626
-4.537006143187384,0.806700217639505
-5.146647498973647,-0.3275868681909256
-6.269046055187891,-0.842553076650372
-5.065005274185309,-0.24758794422739405
-6.060719353557314,-0.9051114185781384
-5.14488057095532,-1.0190686116140608
-6.0072837783926545,1.3449552234168314
-7.0129694021481725,1.0226106594365811
-6.192540974552023,2.767985140115279
-4.324480589241539,0.4208880124216637
-7.009593561788305,0.5384255855962883
-7.040903894289371,0.6861857513990474
-5.291310209617774,-0.1550408213208148
-5.277901797959401,-0.5299201569404964
-4.0457024867652285,-1.0085648723080123
-5.651980102955812,-0.5433433533910837
-3.351870993545055,-0.5123786555896094
-5.617147405313956,0.8868547127252143
-4.220606472703842,-1.3119472433255808
-6.023815663375943,-1.4146458843953176
-5.434716979837763,-1.1757093842266964
-4.3517639253854306,0.46143766796644703
-5.048210110665374,-0.9867061821292513
-5.444441045298663,-0.7327541923181281
-5.850915492209103,2.539858100656592
-5.211473584627802,0.6568579399407121
-5.08804262583778,-1.5750134463602872
-4.07116445204774,-1.158113989636332
-4.181476663580129,-0.8880972614833893
-6.021204980118551,-0.15220299915616073
-4.6791865149647425,0.4954029428243336
-4.821427682006688,-0.9342602809178503
-7.289158247791184,0.43369875401369307
-4.623822166262433,0.45358654262725046
-5.0212797872527535,-0.8142368388719753
-4.22072059130868,0.03184540033681453
-5.613783826032163,-1.859026198947204
-4.736111082705142,-0.8307926786980531
-6.754811674646248,-0.09689155819507657
-4.483198984386636,-0.6649590379554298
-6.440484607134921,0.5256867797173014
-5.285285627732833,1.6840647960079258
-4.599459946562396,1.8445796122472045
-6.019157252770267,-0.051853284987172704
-4.888103627053514,-0.875350589979944
-4.808818481155649,1.1717861900021158
-5.915261537891487,-0.8579977044805768
-5.370527322443594,2.4864578235452255
-5.255983550165974,-1.397355996786071
-4.496666871693212,1.9663151477457395
-5.6333263091342545,0.7038783750061225
-6.079318323603746,0.20668466021856274
-5.3791296573921565,-0.21439062005199863
-3.5826128940375206,-0.8557487746549078
-4.919535676237477,1.2997636032599873
-4.719965268696223,0.8296368147996809
-5.509074754712867,0.8325715871340157
-3.91484191740587,-1.3385410539058034
-5.273380038005107,-0.6966070838222059
-4.709316184367145,-0.21986738942161344
-4.880620153200835,0.33527390594315326
-5.472509798501741,-1.9414893918683085
-4.835849345938746,0.9547362315180874
-4.53555273749262,-0.4351957872378487
-4.753159052597052,0.03685548546030328
-5.435565729401382,-0.0003102051202522364
-3.579484773245923,0.26692029213425655
-4.551122687639923,-0.4816024122113178
-3.857891129498504,0.4361646578428414
-5.2912663394172075,1.1889980654567285
-5.346537834479063,0.8452187321309239
-6.165854467740711,1.070804805078104
-3.6027808988518144,0.7273071739433885
-3.2082958681246154,0.723904879567357
-4.6491370905846,-0.5231411384016282
-3.578020261126918,-0.7815830079211656
-4.768823908191085,0.18450376057732945
-4.363937042093873,-1.1793664819999674
-4.741401879927968,-0.3405892427887002
-4.70186302631451,1.2252999235951756
